# Words that get no vocabulary icon, and why. A decision, not a backlog.
# id	german	reason
x22481	Maulwurf	this card teaches the figurative internal-spy sense, not the animal; the animal drawing was misleading
x10679	Zukunft	cannot be drawn without becoming a clock or a calendar
x10681	Erfolg	an abstraction; a trophy would teach Pokal
x10836		a delay is time that did not happen; any clock reads as Uhr or Zeit
x10841		accommodation is a category, not a thing; a bed teaches Bett and a building Hotel
x10847		an interview is an event; two people talking already means Gespraech
x10849		a position of employment has no picture distinct from Arbeit or Beruf
x10857		a deadline is a date, indistinguishable from Termin
x10862		an amount is a number, not an object
x10863		a fee is money with a reason attached; the money is Geld
x20048		time as a concept; any clock face teaches Uhr
x20069		a specific set of Amish community rules, with no general visual form
x20074		an abstract relation of authority, not a depictable person
x20079		a moment is a point in time, indistinguishable from Zeit or Uhr
x20098		a name is a word; nothing pictures it but writing, which is Wort
x20102		an abstract boundary in time; no object corresponds to it
x20105		a colloquial word for any man; the picture is just Mann
x20108		a term of endearment, not a thing; drawing treasure teaches the wrong word
x20109		a weapon; the app does not illustrate arms
x20122		a religious figure with no neutral depiction, and easily offensive
x20126		an abstract manner or method
x20134		a show is an event; a stage would read as Theater or Buehne
x20136		an abstract part of a whole
x20152		space or room is the absence of objects, so nothing can be drawn
x20162		reputation is what others think; not depictable
x20164		a religious place with no neutral depiction
x20165		a colloquial word for a friend; the picture is Freund
x20168		an insult; no picture would be either accurate or kind
x20177		an agent is defined by their role, not their appearance
x20191		information is content, not an object
x20194		stuff is deliberately unspecific; any drawing narrows it wrongly
x20196		a murderer; the app does not illustrate killing
x20202		murder; the app does not illustrate killing
x20203		slang for a mouth, mostly used as an order to be quiet
x20213		trouble is a situation, not a thing
x20225		a beginning is a point in time
x20242		an example is a role a thing plays, not a thing
x20244		a people is a shared identity; a crowd would read as Menge
x20247		an abstract manner, like Art
x20257		hunger is a sensation; food would read as Essen
x20260		peace is the absence of war; the dove is a symbol, not the word
x20269		a command is speech; nothing depicts it but a mouth
x20272		the same as Schau; a stage reads as Theater
x20273		kindness is a quality of a person, not a picture
x20282		fate is an abstract force
x20304		an obsolete currency with no distinctive object
x20307		used almost only in an Bord; nothing to draw on its own
x20316		respect is an attitude
x20317		a position is a coordinate; Ort already covers the place
x20330		a custom is a practice, not an object
x20332		nonsense is a judgement about speech
x20353		deliberately unspecific, like Ding and Zeug
x20366		deliberately unspecific, like Sache
x20368		a notion, used mostly in keine Ahnung; nothing to draw
x20374		a side of a shape; too geometric to read as a word
x20384		a counting word for animals, not a thing
x20392		a joke is a piece of speech; laughter would read as lachen
x20411		a notification is a message; a letter already means Brief
x20414		an accident; drawing a crash teaches fear, not the word
x20421		contact is a relation between people, not a thing
x20432		a situation is circumstances, wholly abstract
x20435		interest is an attitude
x20447		the same picture as Firma, which is already drawn
x20449		a club is a group of members; the picture is Gruppe
x20454		an attack; the app does not illustrate violence
x20458		a gunshot; the app does not illustrate weapons
x20463		a lie is a false statement, with nothing to see
x20470		a bomb; the app does not illustrate weapons
x20474		madness is a state of mind, and drawing it would be unkind
x20476		unity is an abstract relation
x20478		a steep path, too close to Weg and Berg to read as its own word
x20489		a jail; drawing bars teaches the wrong lesson in a language app
x20497		a unit of distance, which is a number and not a thing
x20500		a British title of nobility, defined by rank rather than appearance
x20502		effort is something a person does, not an object
x20515		a wish is a thought
x20529		a nationality is not a look; drawing one would caricature
x20530		a hundred years; a span of time has no picture
x20532		the same as Witz: a piece of speech
x20535		a rifle; the app does not illustrate weapons
x20536		revenge is a motive
x20539		a mayor is defined by office, and would look like Chef
x20540		a signal is anything that conveys; a traffic light reads as Ampel
x20559		a sound is invisible, and drawn waves read as a diagram
x20561		a guard is a duty, and would look like Polizei
x20574		attention is a state of mind
x20577		a proposal is speech
x20579		a tone is heard, not seen
x20581		disgrace is a judgement
x20582		the same as Unsinn: a judgement about speech
x20583		a unit of mass in one sense and a foreign currency in another
x20588		a gerund of anziehen, so the picture belongs to the verb
x20589		a corpse; the app does not illustrate death
x20591		the same picture as Team, which is already drawn
x20598		suicide; the app does not illustrate self-harm
x20609		a religious judgement with no neutral depiction
x20610		a traitor is defined by an act, not an appearance
x20611		panic is a feeling, and Angst already carries the face
x20617		an article is text; the page would read as Zeitung
x20618		an insult; no picture would be either accurate or kind
x20624		the opposite of something is a relation, not a thing
x20625		a matter or affair is entirely abstract
x20632		a trick is a method; the hat and wand belong to Magie
x20634		a rumour is speech nobody can point to
x20640		sovereignty is a legal status
x20641		beauty is a judgement, and drawing a face would teach Gesicht
x20646		a state is a legal person; the building reads as Regierung
x20648		a leader would look like Chef, which is already drawn
x20652		a funeral; Grab already carries what can decently be shown
x20654		an emergency is a situation, and the triangle belongs to Vorsicht
x20660		slang for money; the picture is Geld
x20661		a fan is defined by enthusiasm, not by looks
x20662		chaos is disorder, which no single drawing conveys
x20670		cover is a tactic, not a thing
x20674		a religious figure with no neutral depiction
x20675		instructions are text; the page would read as Papier
x20677		genius is a quality of a mind
x20678		a coward is defined by behaviour, and drawing one would mock
x20680		an explosion; the app does not illustrate blasts
x20684		a rate is a ratio, so a number and not a thing
x20685		a spy is defined by secrecy; any drawing is a film cliche
x20699		a senator is defined by office, and would look like Politiker
x20702		a coin of another currency; the picture is Geld
x20703		an investigation is a process
x20705		a serious illness; Krankheit already carries what can decently be shown
x20713		a bundle; the picture is Kiste or Tasche
x20715		both a biological cell and a prison cell, so no drawing is unambiguous
x20720		a broadcast programme; the screen reads as Fernseher
x20727		injustice is a judgement; the scales belong to Gerechtigkeit
x20728		a leak is a hole, and a hole is the absence of material
x20732		a minister is defined by office, and would look like Chef
x20736		lace as a textile pattern is too fine to read at icon size
x20738		a crime scene; the app does not illustrate crime
x20749		the same picture as Kunde, which is already drawn
x20756		a scandal is a situation
x20757		twelve of anything; the picture would teach the thing, not the count
x20759		a command is speech
x20760		humanity as a whole; a crowd would read as Menge
x20768		the same picture as Junge, which is already drawn
x20773		the same picture as Labor, which is already drawn
x20777		a commander is defined by rank, and would look like Offizier
x20780		darkness is the absence of light
x20783		a means is whatever serves a purpose, so anything and nothing
x20792		a leader would look like Chef, and the word carries a heavy history
x20796		eternity is unbounded time
x20797		a warrior; the app does not illustrate fighting
x20806		the same picture as Toilette, which is already drawn
x20808		a petition is text; the page would read as Papier
x20812		possession is a legal relation, not a thing
x20821		treatment is a process; the pill is Medikament
x20829		the same picture as Anwalt, which is already drawn
x20834		a people, not a costume; any drawing would caricature
x20835		a vision is something only the seer sees
x20837		identity is who someone is, which no drawing can show
x20841		control over something is a legal relation
x20846		a curse is speech believed to have force
x20847		a criminal charge is a legal act
x20848		a journey; the picture belongs to Reise
x20849		the west wind, and wind cannot be drawn apart from what it moves
x20850		a nightmare; Traum already carries the cloud that can be shown
x20854		reinforcements are more of what is already there
x20857		hunting; the app does not illustrate killing animals
x20860		a territory is a boundary an animal keeps, which is invisible
x20861		a coffin; the app does not illustrate death
x20866		a sample is a small part of something; the tube reads as Labor
x20867		a lesson is what was learnt, not a thing
x20870		a threat is a possibility
x20874		an insult; no picture would be either accurate or kind
x20875		clothes in general; a shirt would read as Hemd
x20877		an owner is defined by title, not by looks
x23829		working hours are a span of time
x23951		a workday is a day, and Kalender already shows days
x24583		a classmate; the picture is Klasse, which is already drawn
x24760		an only child looks exactly like Kind
x25211		waiting time is a span of time
x25218		a home country is where someone is from, which no drawing shows
x25573		the same picture as Turnhalle, which is already drawn
x25964		a time of arrival is a clock reading; Ankunft carries the arrow
x26022		the season around Christmas; Weihnachten is already drawn
x26106		a time of day is a span of time
x26235		the way home; the path is Weg, which is already drawn
x26289		a single day of Christmas; Weihnachten is already drawn
x26308		a summer day; Sommer is already drawn
x26391		the end of a month is a date
x26452		a return trip looks exactly like a trip
x26694		any day of the week; the calendar belongs to the named days
x26982		the same picture as Ausweis, which is already drawn
x27126		a school subject, not a thing; the hall is Turnhalle
x27156		the end of a year is a date
x27182		a daily paper; Zeitung is already drawn
x27243		a class period is a span of time
x27314		a day of leave is a day like any other
x27361		half a year is a span of time
x27400		the same picture as Stofftier, which is already drawn
x27432		the day before is a position in a sequence of days
x27573		a ride on a train looks exactly like a train
x27629		a destination is wherever the journey ends; the pin is Ort
x27907		the same picture as Konferenzraum, which is already drawn
x27925		daylight saving time is a convention about clocks
x27993		a spring day; the season would need its own word
x28029		a day trip looks exactly like a trip
x28697		New Year is already drawn; the day adds nothing to see
x28730		a large family; the picture is Gruppe, which is already drawn
x28787		the end of a day is a moment in time
x10910		benefit is a judgement about usefulness
x20905		a reason is why, not a thing
x20914		calm is the absence of noise
x20971		a voice is heard, not seen; Mund is already drawn
x21024		a position is a coordinate; Ort is already drawn
x21033		a report is text; the page reads as Papier or Zeitung
x21069		a system is a set of relations
x21096		an operation; the app does not illustrate surgery
x21163		a detail is a small part of something else
x21218		the same picture as Bahnstation, which is already drawn
x21223		patience is a disposition
x21256		a large river; Fluss is already drawn
x21352		material in general, so anything and nothing
x21375		technology is a field, not an object
x21422		the same picture as Sitzung, which is already drawn
x21491		a visitor; Besuch and Gast are already drawn
x21552		a deck is part of a ship, and reads as Schiff
x21683		staff is a group; the picture is Team
x21700		a spectator is defined by watching and looks like Person
x21771		a coach is defined by role and would look like Lehrer
x21793		activity in general is anything someone does
x21815		understanding happens inside someone
x21827		a relationship status, not a thing
x21846		ellipsis of Strassenverkehr, which is already drawn
x21921		a deposit is money held for a reason; the money is Geld
x21999		an order is a request, which is speech
x22056		a buzzer; Klingel already carries what can be shown
x22298		a look is an impression
x22553		the time of day; Uhr is already drawn
x23613		the same picture as Schnellzug, which is already drawn
x26173		fruit juice or must; Fruchtsaft is already drawn
x24201	Bürgersteig	a pavement has no silhouette of its own; drawn as slabs beside a kerb it reads as a building facade at card size
x27518	Raubvogel	the hooked beak and brow that separate a raptor from any other bird do not survive 44 pixels; twice drawn, twice read as a friendly owl
x22100	Fell	a pelt laid flat is an outline with no interior structure; at card size it reads as a slice of bread
x26758	Gepäckträger	a rack only means "luggage rack" while attached to a bicycle, and a whole bicycle at 44px reads as the bicycle, not the rack
x22283	Schrott	scrap is a judgement about what something has become, not a shape; drawn as a heap it reads as mountains and drawn as recognisable junk it reads as an indistinct grey cluster at 44 pixels
x22369	Boxer	the word is a person, and a person boxing does not resolve at 44 pixels; a glove alone is a Boxhandschuh and read as an oven mitt
x24518	Ziegel	overlapping roof tiles are a texture rather than an object, and at card size they read as coloured blobs on a board
x21840	Kofferraum	a boot is a compartment, and it only reads as one while the whole car is in frame -- at which point the drawing reads as the car; twice attempted, the same class of failure as Buergersteig and Gepaecktraeger
x21534	Netz	the gloss on this card is "the internet", not a physical net; drawing mesh or a goal teaches the wrong sense of a word that has both
x21622	Blitz	the gloss is "flash", the camera and light-burst sense; a lightning bolt is the other Blitz and would attach a confident wrong picture to the card
x22120	Frost	frost is a state of a surface rather than an object; drawn as a rimed leaf it reads as a leaf, and the same class of failure as Schrott
x22731	Damm	an embankment is a slope with nothing to bound it; drawn in profile it reads as a hill and drawn with water beside it reads as a beach, the same failure as Buergersteig
x25667	Ebbe	low tide only means anything against high tide; a single card cannot carry the comparison, and the exposed sand alone reads as a beach
x27297	Strauß	this card is the ostrich, not the bouquet; three attempts read as something else -- twice a bomb with a lit fuse, once a black frying pan -- because a large dark bird at 44 pixels is a round mass with a thin arc leaving it. Storch is drawn and carries "tall bird" for the deck
x24413	Zahnpasta	five attempts read as a spray can, a cheese grater, a syringe, a bell and a lampshade. A tube is a generic container, and the one cue that would settle it -- a toothbrush -- is Zahnbürste, a different card
x27819	Dudelsack	three attempts read as a racket strung with arrows, then a rack, then a spider; a round bag with pipes radiating off it is a body with legs however the pipes are arranged, and the tartan that would name it is a grate at 44 pixels
x26519	Trillerpfeife	three attempts all read as a camera; a grey body with any round feature on it is a lens, and moving the lanyard ring only moved the lens
x22946	Atombombe	a mushroom cloud is a wide cap on a stem, and Champignon is drawn in this deck as a wide cap on a stem; two attempts confirmed the collision, the second reading as a mushroom on a plate. Drawing the casing instead would teach Bombe, not this word
x20604	dreckig	the same meaning as schmutzig, which is now drawn; a second stained shirt would be a duplicate
x21220	vorn	a spelling variant of vorne, which is now drawn; the picture would be identical
x21019	wütend	the angry red face is Wut, which is already drawn
x23282	zornig	the angry red face is Wut, which is already drawn
x23335	ärgerlich	the angry red face is Wut, which is already drawn
x25888	dunkelhaarig	dark hair is what Kopf and Frau already wear, so only a lighter colour can carry a hair-colour card
x10829	hell	a bright room reads as Licht or Lampe, both already drawn
x10830	dunkel	darkness is the absence of light, as recorded for Dunkelheit; a dark room is a dark square
x21942	heiter	a sun beside a cloud is how Wetter is already drawn
x26132	kariert	a check pattern reads as Schachbrett or Tischdecke, both already drawn
x27603	farbenfroh	the same striped colour chip as farbig, which is now drawn
x21555	außen	the same picture as draußen, which is already drawn
x21498	innen	the same picture as drinnen, which is already drawn
x22310	östlich	a compass with its east arm marked is Osten, which is already drawn
x20294	leise	quiet is the absence of noise, as recorded for Ruhe
x20972	still	silence is the absence of noise, as recorded for Ruhe
x23090	unterirdisch	a cross-section with a hollow in it reads as Höhle, which is already drawn
x10826	gemütlich	cosiness is a mood; the armchair is Sessel and the comfort is bequem
x26999	kitzlig	the example teaches the figurative tricky-topic sense; a feather on a foot would teach only the literal one
x20030	um	the card teaches the rare "for an amount of money" sense of um, not around
x20032	bei	bei marks being at a place or with someone; neben and an already show every position it could
x20028	ihn	the card's gloss teaches an obsolete dative sense (them), not him
x20100	all	the same word as alle, which is drawn
x20741	vieles	vieles is the heap that alles already shows
x20889	dafür	da- plus für marks a purpose, with nothing to point at
x20094	dazu	da- plus zu marks a purpose, with nothing to point at
x20002	der	an inflected article; the der/die/das colours already appear on every noun card
x20246	dasselbe	dasselbe points back to something already named, with nothing of its own to draw
x20263	derjenige	derjenige introduces a description that follows; the picture would be einer
x20240	irgendetwas	anything is etwas without a limit; the same sack would be a duplicate
x20061	raus	the same picture as rauskommen, which is drawn
x20283	ran	ran is heran, movement toward something; nähern already shows it
x20021	da	the same picture as dort, which is drawn
x20067	weiter	the same picture as weitergehen, which is drawn
x20088	letzter	the last in the queue is hinten, which is drawn
x20181	nochmal	the same loop as wiederholen, which is drawn
x20358	erst	erst marks a condition on time with nothing to point at
x20323	zuvor	a position in time before another; the stepping stones for zuerst and dann already teach order
x20333	davor	a position in time before another; the stepping stones for zuerst and dann already teach order
x21611	live	the same picture as übertragen, which is drawn
x20253	normal	the week strip for meistens already shows what is usual
x21145	normalerweise	the week strip for meistens already shows what is usual
x21213	ebenfalls	the same meaning as auch, which is drawn
x20345	ganz	in this sense ganz is sehr, which is drawn
x20012	so	so points at a manner shown by gesture, not at a thing
x20036	also	a conclusion drawn in speech; deshalb already carries the arrow from cause to result
x20052	na	an interjection that sets a tone
x20090	halt	a modal particle that sets a tone
x20056	klar	the card teaches the adverb 'obviously', a speaker's attitude
x20347	sicher	the card teaches the adverb 'surely', a speaker's attitude
x20359	sonst	otherwise is a condition, with nothing to point at
x20235	jedenfalls	a discourse marker with nothing to point at
x20415	offen	the card teaches the adverb 'openly', not open
x20379	schlimm	a judgement of degree with nothing of its own to show
x20039	los	los lives in phrases (was ist los, los geht es) and has no picture alone
x20148	drauf	the card's gloss ('high') is slang with no stable picture
x20287	namens	a formal preposition of authority, with nothing to point at
x20042	leben	the same picture as Leben, which is drawn
x20221	handeln	handeln is doing something, anything; no single action pictures it
x20114	bestimmen	deciding which one looks like aussuchen, which is drawn
x20054	halten	in this gloss the picture is stoppen, which is drawn
x20080	stellen	the card teaches the rare sense of intercepting, not putting upright
x20023	tun	tun is doing in general, and the card's gloss (to work, to function) belongs to funktionieren
x20227	enden	an end is a point in time, as recorded for Ende
x20186	überleben	coming through is what überstehen already shows
x20198	verheiraten	the same picture as heiraten, which is drawn
x20337	zurückkehren	the same picture as zurückkommen, which is drawn
x20296	klauen	the same picture as stehlen, which is drawn
x20265	trauen	the same picture as vertrauen, which is drawn
x20266	ergeben	the white flag is aufgeben, which is drawn
x20250	gebären	a newborn would teach Baby, which is drawn
x20822	bergen	bringing someone to safety is retten, which is drawn
x20211	antun	doing something to someone is abstract and mostly hostile
x20274	geraten	getting into a situation has nothing to point at
x20280	lauten	wording is text
x21613	last	an inflected form of lasten, not a word of its own
x20248	zwingen	coercion is a relation between people; a push would read as schieben
x20062	töten	killing; the app does not illustrate killing
x20121	umbringen	killing; the app does not illustrate killing
x20172	erschießen	shooting a person; the app does not illustrate weapons or killing
x20234	ermorden	murder; the app does not illustrate killing
x20295	abhauen	cutting off with a blade; the app does not illustrate weapons
x20259	angreifen	an attack; the app does not illustrate violence
x20254	feuern	firing a gun in this card; the app does not illustrate weapons
x20228	jagen	hunting; the app does not illustrate killing animals, as recorded for Jagd
x20327	entführen	hijacking; the app does not illustrate crime
x20091	verdammen	a curse is speech believed to have force, as recorded for Fluch
x20338	verfluchen	a curse is speech believed to have force, as recorded for Fluch
x10876	gelangweilt	the same face as langweilig, which is drawn
x20839	attraktiv	attractiveness is a judgement about a person
x20647	sexy	the app does not illustrate sexual appeal
x20871	brutal	brutality; the app does not illustrate violence
x20872	gnädig	mercy is an attitude
x20563	lauter	sincerity is an attitude, and the card teaches a rare sense
x20735	typisch	typical of what, is the question; nothing is typical alone
x20789	dramatisch	the theatre masks are Theater and Maske, which are drawn
x20865	magisch	the wand and sparkles are Magie, which is drawn
x20631	medizinisch	the cross and stethoscope are Medizin and Arzt, which are drawn
x20649	amerikanisch	a nationality; flags are an open decision for the maintainer
x20858	national	national of which nation; flags are an open decision for the maintainer
x20438	furchtbar	the same horrified face as schrecklich
x20401	hart	hard as in with force; the hammer is hauen, which is drawn
x20731	gemein	the card's gloss (very, intensely) is slang for sehr, which is drawn
x20721	praktisch	the card teaches 'virtually', a hedge with nothing to show
x20726	bestens	the five stars are großartig, which is drawn
x20599	erwachsen	growing up is aufwachsen, drawn in this release
x10455	sowohl	both of two is beide, which is drawn
x20343	wirklich	an emphasis in speech, with nothing to point at
x20363	echt	an emphasis in speech, with nothing to point at
x20344	weg	away is fort, which is drawn
x20352	selbst	the card teaches 'even', an emphasis in speech
x20355	wegen	a cause is shown by deshalb, which is drawn
x20360	dabei	dabei lives in phrases and has no picture alone
x20373	sogar	an emphasis in speech, with nothing to point at
x20402	wenigstens	the same as mindestens, which is drawn
x20405	vorher	a position in time before another; zuerst and dann already teach order
x20419	unbedingt	an emphasis in speech, with nothing to point at
x20441	pro	one each is jeder, which is drawn
x20480	irgendeiner	an inflected form of irgendein, which is left to the word itself
x20607	irgendein	any one at all is irgendjemand for people; for things there is nothing to point at
x20745	gegenseitig	the same as einander, which is drawn
x20482	anscheinend	a speaker's hedge with nothing to point at
x20469	ernsthaft	a speaker's attitude with nothing to point at
x20511	rauf	up the stairs is steigen, which is drawn
x20508	drüber	a contraction of darüber, which is drawn
x20879	drum	a contraction of darum, which is drawn
x20542	woran	on what, at what: the question badge would repeat worauf
x20811	zurecht	only used inside other words such as zurechtweisen
x20781	hiermit	a formal phrase with nothing to point at
x21067	statt	a swap, which is ersetzen, drawn
x20714	anstatt	a swap, which is ersetzen, drawn
x21151	seitdem	the same as seit, which is drawn
x20894	bevor	a position in time before another; zuerst and dann already teach order
x20888	recht	recht lives in phrases (recht haben, recht gut) and has no picture alone
x20616	weiterhin	continuation over time, with nothing to point at
x20833	momentan	the present moment, with nothing to point at
x20823	heutzutage	the present era, with nothing to point at
x20862	sicherlich	a speaker's certainty, as recorded for sicher
x20636	möglicherweise	a speaker's hedge with nothing to point at
x20626	immerhin	a discourse marker with nothing to point at
x20828	nieder	down is runter, drawn in this release
x20351	sterben	death; the app does not illustrate death
x20569	begraben	burial; Grab already carries what can decently be shown
x20803	vergiften	poisoning; the app does not illustrate killing
x20814	überfallen	a raid; the app does not illustrate crime
x20752	bedrohen	a threat, as recorded for Bedrohung
x20798	rächen	revenge is a motive, as recorded for Rache
x20537	einsperren	locking someone up; bars teach the wrong lesson, as recorded for Knast
x20483	begehen	committing a crime; the app does not illustrate crime
x20744	bekämpfen	fighting; the app does not illustrate violence
x20676	versetzen	dealing a blow; the app does not illustrate violence
x20564	opfern	sacrifice is a motive with nothing to point at
x20682	segnen	a religious act with no neutral depiction
x20602	verarschen	vulgar slang for tricking someone
x20717	versauen	vulgar slang for spoiling something
x20763	kotzen	vulgar; the queasy face is übergeben, drawn in this release
x20340	lassen	in this gloss the picture is erlauben, drawn in this release
x20457	zulassen	the same picture as erlauben, drawn in this release
x20864	gestatten	the same picture as erlauben, drawn in this release
x20346	reden	talking is unterhalten, which is drawn
x20349	passieren	an event, with nothing to point at
x20361	nennen	a name is a word, as recorded for Name
x20466	anhalten	stopping is bremsen, which is drawn
x20472	ertragen	enduring is überstehen, which is drawn
x20481	benehmen	behaving is how someone acts, which no single scene shows
x20490	rausfinden	finding out is entdecken, which is drawn
x20494	fürchten	the fear is Angst, which is drawn
x20665	befürchten	the fear is Angst, which is drawn
x20498	betrachten	the same picture as ansehen, drawn in this release
x20600	anschauen	the same picture as ansehen, drawn in this release
x20696	blicken	the same picture as ansehen, drawn in this release
x20919	schauen	the same picture as ansehen, drawn in this release
x20503	weitermachen	continuing is weitergehen, which is drawn
x20509	loswerden	getting something off one's chest is a feeling
x20514	versagen	failing is ausfallen, which is drawn
x20804	vermasseln	botching is ausfallen, which is drawn
x20534	begreifen	the same as kapieren, drawn in this release
x20538	empfinden	a feeling, which happens inside someone
x20555	betreffen	concerning something is a relation
x20558	befehlen	a command is speech, as recorded for Befehl
x20570	weggehen	going away is fort, drawn in this release
x20572	heulen	crying is weinen, which is drawn
x20575	bereuen	regret is a feeling with nothing to point at
x20692	bedauern	regret is a feeling with nothing to point at
x20587	verbergen	hiding is verstecken, which is drawn
x20615	täuschen	deceiving is a hidden intention
x20620	erfreuen	delight is freuen, which is drawn
x20630	auffallen	standing out is besonders, which is drawn
x20642	erschaffen	creating is herstellen, which is drawn
x20656	bilden	educating oneself is a process with no single scene
x20663	betreten	entering is reinkommen, which is drawn
x20667	aussagen	testifying is speech in a court
x20671	ruhen	resting is entspannen, which is drawn
x20779	ausruhen	resting is entspannen, which is drawn
x20690	ausdrücken	expressing oneself is speech in general
x20701	zurückbringen	bringing back is zurückgeben, which is drawn
x20711	nachsehen	checking is kontrollieren, which is drawn
x20712	fesseln	captivating is an effect on attention
x20723	herrschen	prevailing conditions have nothing to point at
x20725	ahnen	a suspicion is a thought
x20742	abhalten	holding someone back is a relation
x20743	wiederkommen	coming back is zurückkommen, which is drawn
x20747	belügen	lying is lügen, which is drawn
x20770	anlügen	lying is lügen, which is drawn
x20754	anhören	listening is zuhören, drawn in this release
x20764	weisen	pointing the way is zeigen, which has a pictogram
x20766	reingehen	going in is hinein, drawn in this release
x20769	verschaffen	procuring something has nothing to point at
x20774	flehen	begging is bitten, which is drawn
x20778	betreiben	pursuing an activity has no single scene
x20784	aussprechen	pronouncing is Aussprache, which is drawn
x20791	vorgehen	happening inside something is hidden by definition
x20794	gestehen	confessing is zugeben, which is drawn
x20795	bedanken	thanking is danken, which is drawn
x20810	kontaktieren	contacting is erreichen, which is drawn
x20817	ertönen	sounding out is klingeln and läuten, which are drawn
x20830	beherrschen	dominating is a relation of power
x20836	losgehen	starting is beginnen, which is drawn
x20840	ergreifen	seizing is greifen, which is drawn
x20842	einziehen	the card's gloss (putting in a joist) is a rare technical sense
x20876	durchgehen	passing or being accepted has nothing to point at
x20878	betragen	behaving is how someone acts, which no single scene shows
x20902	führen	holding a discussion is unterhalten, which is drawn
x20975	überlegen	thinking it over is denken, which is drawn
x21199	achten	respect is an attitude, as recorded for Achtung
x21628	ausprobieren	trying out is probieren, which is drawn
x22094	bewerben	the same picture as Bewerbung, which is drawn
x20882	Gott	a religious figure with no neutral depiction
x20895	Fall	a case in the sense of a situation, with nothing to point at
x20901	Tod	death; the app does not illustrate death
x20916	Chance	a chance is a possibility, with nothing to point at
x20917	Wahrheit	truth is a property of statements; the lie is lügen
x20922	Krieg	war; the app does not illustrate violence
x20923	Gefühl	a feeling happens inside someone
x20931	Blut	blood; the app does not illustrate injury
x20947	Luft	air is invisible; wind is drawn by what it moves, as recorded for West
x20952	Sinn	the mind, with nothing to point at
x20954	Wahl	an election is wählen, which is drawn
x20956	Beweis	proof is a relation between evidence and a claim; the print is Fingerabdruck
x20959	Himmel	the card teaches heaven in the religious sense
x20963	Gefängnis	a prison; bars teach the wrong lesson, as recorded for Knast
x20964	Opfer	a victim; the app does not illustrate violence
x20966	Gedanke	a thought is denken, which is drawn
x20979	Verzeihung	the same as Entschuldigung, which is drawn
x20983	Kampf	a fight; the app does not illustrate violence
x20985	Nähe	closeness is a relation, with nothing of its own
x20990	Meister	a master is defined by skill, not looks
x21001	Verbindung	a relationship is verbinden, which is drawn
x21002	Bewegung	motion is what rennen, rollen and fließen already show
x21009	Rolle	a role is part of Theater, which is drawn
x21014	Kontrolle	the same as kontrollieren, which is drawn
x21015	Überraschung	the same as überraschen, which is drawn
x21023	Richtung	direction is the compass on Osten, which is drawn
x21029	Wunder	a miracle is a religious or wondrous event with no neutral picture
x21051	Lust	a desire happens inside someone
x21054	Heim	the house with the heart is heimfahren, which is drawn
x21056	Gesellschaft	company is Gruppe, which is drawn
x21060	Stein	the card teaches the stone as a unit of weight, a number
x21061	Zeichen	a sign is anything that stands for something
x21063	Gegend	a region is a stretch of land with no edges to draw
x21074	Freude	joy is freuen, which is drawn
x21075	Schwierigkeit	a difficulty is a judgement about a task
x21083	Neuigkeit	news is Nachricht and Zeitung, which are drawn
x21093	Freiheit	the bird leaving the cage is befreien, which is drawn
x21094	Auftrag	an order is speech
x21104	Gelegenheit	an opportunity is a possibility
x21111	Zeitpunkt	a point in time is the clock face of Uhr
x21121	Szene	a subculture is a group of people with nothing to point at
x21125	Kraft	force is shown by Druck and trainieren, which are drawn
x21129	Kuss	a kiss is küssen, which is drawn
x21131	Gewalt	violence; the app does not illustrate violence
x21134	Dieb	a thief is stehlen, which is drawn
x21138	Absicht	an intention is a plan in the head
x21142	Streit	a quarrel is streiten, which is drawn
x21149	Zustand	a state or condition, with nothing to point at
x21160	Dienst	duty or service is a relation to work
x21164	Direktor	a director would look like Chef, which is drawn
x21165	Untersuchung	an examination is Arzt or kontrollieren, which are drawn
x21169	Schutz	protection is beschützen, which is drawn
x21172	Vorstellung	an idea in the head is denken, which is drawn
x21174	Pflicht	a duty is an obligation
x21176	Botschaft	an embassy is defined by its flag; flags are an open decision
x21184	Steuer	a tax is money with a reason attached; the money is Geld
x21186	Dreck	dirt is schmutzig, which is drawn
x21189	Talent	a talent is a quality of a person
x21190	Mühe	effort is bemühen, which is drawn
x21194	Theorie	a theory is an idea
x21197	Alkohol	the bottles are Wein and Bier, which are drawn
x21202	Flucht	escape is entkommen, which is drawn
x21203	Verlust	a loss is the absence of something
x21206	Zugang	access is a permission, with nothing to point at
x21210	Freundschaft	friendship is lieben and Freund, which are drawn
x21221	Erlaubnis	permission is erlauben, which is drawn
x21222	Presse	the press is Zeitung, which is drawn
x21226	Prozess	a lawsuit is a legal process
x21228	Leitung	a line in which sense (phone, pipe, cable) the card does not say
x21231	Eindruck	an impression is a thought
x21232	Täter	a perpetrator; the app does not illustrate crime
x21233	Geburt	a birth would teach Baby, which is drawn
x21235	Gebiet	an area has no edges to draw
x21237	Brust	the chest is part of Körper, which is drawn
x21238	Werk	a factory is Fabrik, which is drawn
x21240	Bedingung	a condition or term is a clause in an agreement
x21251	Geschmack	taste is schmecken, which is drawn
x21257	Unterhaltung	a conversation is unterhalten, which is drawn
x21261	Pech	bad luck is a judgement; the cloud over the head is Sorge
x21264	Sturm	the storm is heftig, which is drawn
x21268	Stil	a style is a way of doing things
x21269	Verbrecher	a criminal; the app does not illustrate crime
x21272	Klinik	a clinic is Krankenhaus, which is drawn
x21279	Störung	a disturbance is stören, which is drawn
x21284	Scheidung	a divorce is a legal separation, with no kind picture
x21287	Reaktion	a reaction is a response to something else
x21289	Bürger	a citizen is defined by status, not looks
x21290	Politik	policy is a set of decisions
x21293	Kauf	a purchase is kaufen and Geld, which are drawn
x21294	Zweck	a purpose is why, not a thing
x21295	Stimmung	a mood happens inside someone
x21297	Methode	a technique is a way of doing things
x21299	Realität	reality is everything, so nothing in particular
x21301	Verletzung	an injury; the app shows only the plaster, which is wehtun
x21302	Generation	generations are aufwachsen, drawn in this release
x21303	Lippe	the lips are Mund, which is drawn
x21307	Verabredung	an appointment is verabreden, which is drawn
x21312	Öffentlichkeit	the public is everyone, so nobody in particular
x21315	Hinweis	a clue is entdecken, which is drawn
x21321	Motiv	a motive is a reason
x21323	Hass	hatred is hassen, which is drawn
x21331	Nation	a nation is a people and a state; flags are an open decision
x21332	Leidenschaft	passion happens inside someone
x21341	Roman	a novel is Buch, which is drawn
x21343	Basis	a base in the abstract sense
x21344	Schock	shock is a medical or mental state
x21345	Manager	a manager would look like Chef, which is drawn
x21346	Einfluss	influence is a relation
x21349	Unglück	misfortune is a judgement, as for Pech
x21354	Schwachsinn	nonsense, as recorded for Unsinn
x21360	Gedächtnis	memory as a faculty is merken, which is drawn
x21361	Gabe	a gift is Geschenk, which is drawn
x21363	Milliarde	a billion is a number
x21368	Hauptmann	a captain is defined by rank
x21369	Junior	junior is a rank or an age
x21371	Profi	a pro is defined by skill
x21372	Gouverneur	a governor is defined by office
x21373	Penner	an insult for a homeless person; no picture would be kind
x21376	Wirklichkeit	reality, as for Realität
x21385	Behörde	an authority is an institution; the building reads as Regierung
x21388	Mitleid	pity happens inside someone
x21395	Jäger	a hunter; the app does not illustrate hunting, as for Jagd
x21401	Sicht	a view is Aussicht, drawn in this release
x21402	Jude	a people and a faith; any drawing would caricature
x21411	Verdienst	merit is a judgement
x21412	Korrektur	a correction is korrigieren, which is drawn
x21413	Wunde	a wound; the app does not illustrate injury
x21414	Abmachung	a deal is the handshake of einstellen and wetten, which are drawn
x21421	Militär	the military; the app does not illustrate arms
x21429	Vorfall	an incident is an event
x21435	Leib	the body is Körper, which is drawn
x21437	Technologie	technology, as recorded for Technik
x21438	Gemeinde	a congregation is a religious community
x21439	Pfarrer	a pastor is a religious office
x21441	Zauber	a spell is Magie, which is drawn
x21442	Rückkehr	a return is zurückkommen, which is drawn
x21444	Warnung	the warning triangle is Vorsicht, which is drawn
x21455	Laune	a whim happens inside someone
x21457	Verkauf	a sale is verkaufen, which is drawn
x21464	Katastrophe	a catastrophe is a situation
x21467	Mandant	a client, as recorded for Klient
x21472	Chinese	a nationality standing for a restaurant; any drawing would caricature
x21474	Vergleich	a comparison is Unterschied, which is drawn
x21480	Jugend	young people as a group would read as Gruppe
x21481	Königreich	a kingdom is König and Krone, which are drawn
x21488	Symbol	a symbol is anything that stands for something
x21490	Einstellung	an attitude happens inside someone
x21492	Protokoll	minutes are text
x21494	Revolution	a revolution is a historical upheaval
x21495	Bibel	a religious book with no neutral depiction
x21497	Eile	hurry is beeilen, which is drawn
x21501	Tradition	a tradition is a practice
x21507	Hintergrund	a background is whatever is behind
x21513	Ware	goods are Paket and Kiste, which are drawn
x21519	Prinzip	a principle is an idea
x21520	Humor	humour is humorvoll, drawn in this release
x21525	Objekt	an object is any thing at all
x21530	Terrorist	terrorism; the app does not illustrate violence
x21532	Lärm	noise is heard, as recorded for Geräusch
x21536	Aktion	an action is anything someone does
x21542	Amt	an office is a position
x21545	Spruch	a saying is speech
x21556	Ladung	charge is Energie, drawn in this release
x21569	Munition	ammunition; the app does not illustrate weapons
x21570	Anzeichen	a sign or indication is a relation
x21583	Alibi	an alibi is a claim about crime
x21588	Liebhaber	a lover is defined by a relationship
x21589	Einbruch	a burglary; the app does not illustrate crime
x21592	Narbe	a scar; the app does not illustrate injury
x21595	Reporter	a reporter with a microphone is befragen, which is drawn
x21602	Vorschrift	a regulation is text
x21603	Aufzeichnung	a recording is Aufnahme, drawn in this release
x21605	Kehle	the throat is part of Hals, with nothing of its own at icon size
x21610	Verrat	betrayal is an act of trust broken
x21612	Version	a version is one of several forms
x21614	Option	an option is a possibility
x21615	Ausdruck	an expression is words
x21620	Therapie	therapy is a treatment, as recorded for Behandlung
x21624	Sklave	slavery; no picture would be kind
x21626	Bewusstsein	consciousness happens inside someone
x21629	Friedhof	a cemetery; Grab already carries what can decently be shown
x21636	Franzose	a nationality is not a look; drawing one would caricature
x21639	Symptom	a symptom is a sign of illness in general
x21640	Assistent	an assistant is defined by role
x21643	Kamerad	a comrade is defined by a relationship
x21645	Herrschaft	rule over a territory is a relation of power
x21648	Konsequenz	a consequence is what follows something else
x21652	Wirkung	an effect is what follows something else
x21655	Freak	an insult; no picture would be kind
x21660	Engländer	a nationality is not a look; drawing one would caricature
x21663	Charakter	character is a quality of a person
x21668	Botschafter	an ambassador is defined by office
x21670	Treffer	a hit on the target is genau, drawn in this release
x21671	Entführung	kidnapping; the app does not illustrate crime
x21674	Knarre	a gun; the app does not illustrate weapons
x21675	Sekretärin	a secretary is defined by role
x21679	Admiral	an admiral is defined by rank
x21681	Bande	a gang; the app does not illustrate crime
x21685	Segen	a blessing is a religious act
x21688	Ansicht	a view in the sense of an opinion
x21696	Fürst	a prince is defined by title
x21697	Religion	religion in general has no neutral picture
x21705	Dummheit	stupidity is a judgement; no picture would be kind
x21711	Irrtum	an error is irren, drawn in this release
x21716	Verfahren	a procedure is a process
x21717	Geständnis	a confession is zugeben, which is drawn
x21731	Zorn	anger is Wut, which is drawn
x21732	Wächter	a guard is bewachen, which is drawn
x21739	Paradies	paradise is a religious idea
x21742	Diebstahl	theft is stehlen, which is drawn
x21747	Alternative	an alternative is a possibility
x21749	Rettung	the card teaches Rettung as an ambulance, which needs its own vehicle picture in Krankenwagen
x21755	Schauspielerin	the same picture as Schauspieler, drawn in this release
x21772	Instinkt	instinct happens inside someone
x21774	Fleck	the stain is schmutzig, which is drawn
x21776	Rasse	a breed or race; no picture would be neutral
x21779	Gesang	singing is singen, which is drawn
x21781	Anblick	a sight is what is seen, anything at all
x21785	Handel	trade is buying and selling, which kaufen and verkaufen show
x21788	Bedenken	a concern happens inside someone
x21789	Diskussion	a discussion is unterhalten, which is drawn
x21790	Tragödie	a tragedy is a situation
x21810	Begriff	a concept is an idea
x21816	Papst	a religious office
x21821	Aufregung	excitement is aufgeregt, drawn in this release
x21823	Wert	a value is a judgement
x21825	Gemälde	a painting is bewundern and hängen, which are drawn
x21826	Tempo	pace is Geschwindigkeit, drawn in this release
x21829	Wille	the will is a resolve
x21831	Gangster	a gangster; the app does not illustrate crime
x21842	Furcht	fear is Angst, which is drawn
x21845	Master	the degree is Abschluss, drawn in this release
x21851	Koma	a coma; the app does not illustrate grave illness
x21854	Existenz	existence is everything that is
x21859	Witwe	a widow is defined by a death
x21860	Persönlichkeit	personality is a quality of a person
x21863	Trauer	mourning; Grab already carries what can decently be shown
x21868	Abschied	a farewell is verabschieden, which is drawn
x21871	Beginn	a start is beginnen, which is drawn
x21872	Testament	a will is a document made for a death
x21875	Akzent	an accent mark is part of writing
x21876	Ozean	the ocean is Meer, which is drawn
x21878	Etage	a storey is Stockwerk, which is drawn
x21881	Drohung	a threat, as recorded for Bedrohung
x21886	Einrichtung	a facility is an institution
x21889	Heilmittel	a remedy is Medizin, which is drawn
x21890	Herzinfarkt	a heart attack; the app does not illustrate grave illness
x21899	Entfernung	distance is Abstand, drawn in this release
x21904	Whiskey	the bottles are Wein and Bier, which are drawn
x21909	Loyalität	loyalty is an attitude
x21919	Zivilisation	civilisation is everything people have built
x21920	Gelände	terrain has no edges to draw
x21923	Schießerei	a gunfight; the app does not illustrate weapons
x21924	Sorte	a sort is a kind, as recorded for Art
x21925	Blödmann	an insult; no picture would be kind
x21930	Krise	a crisis is a situation
x21931	Gelächter	laughter is lachen, which is drawn
x21933	Einspruch	an objection is speech
x21936	Kummer	trouble is Sorge, drawn in this release
x22112	Yard	a unit of length, which is a number
x22125	Austausch	an exchange is tauschen, which is drawn
x22486	Umgang	acquaintances as a group would read as Gruppe
x22572	Effekt	an effect is what follows something else
x22755	Initiative	an initiative is a first step taken by someone
x22765	Einwand	an objection is speech
x23001	Neuanfang	a new start is the sprout of Hoffnung, drawn in this release
x23139	Defekt	a defect is ausfallen, which is drawn
x23284	Business	business in general has nothing to point at
x23331	Vorgang	a process has no single scene
x23720	Londoner	a nationality is not a look; drawing one would caricature
x24032	Französin	a nationality is not a look; drawing one would caricature
x24415	Ire	a nationality is not a look; drawing one would caricature
x24622	Kanadier	a nationality is not a look; drawing one would caricature
x24731	Europäer	a nationality is not a look; drawing one would caricature
x25373	Chinesin	a nationality is not a look; drawing one would caricature
x25840	Italienerin	a nationality is not a look; drawing one would caricature
x26070	Australier	a nationality is not a look; drawing one would caricature
x26550	Finne	a nationality is not a look; drawing one would caricature
x27208	Mexikanerin	a nationality is not a look; drawing one would caricature
x27857	Irin	a nationality is not a look; drawing one would caricature
x27996	Kanadierin	a nationality is not a look; drawing one would caricature
x28685	Niederländer	a nationality is not a look; drawing one would caricature
x28741	Afrikaner	a nationality is not a look; drawing one would caricature
x23772	Epidemie	an illness; the app does not illustrate illness
x23966	Alzheimer	an illness; the app does not illustrate illness
x24138	Erkrankung	an illness; the app does not illustrate illness
x24735	Pocke	an illness; the app does not illustrate illness
x25490	Lebensmittelvergiftung	an illness; the app does not illustrate illness
x25621	Geisteskrankheit	an illness; the app does not illustrate illness
x27426	Herzkrankheit	an illness; the app does not illustrate illness
x27453	Epileptiker	an illness; the app does not illustrate illness
x28101	Hexenschuss	an illness; the app does not illustrate illness
x28299	Pandemie	an illness; the app does not illustrate illness
x28719	Kinderkrankheit	an illness; the app does not illustrate illness
x26885	Gesundheitszustand	an illness; the app does not illustrate illness
x27050	Herzschrittmacher	an illness; the app does not illustrate illness
x27054	Verwundung	an illness; the app does not illustrate illness
x23527	Stalker	stalking; the app does not illustrate crime
x23593	Weile	a while is a span of time
x23677	Expertin	an expert is defined by knowledge
x23912	Zeitraum	a period is a span of time
x23957	Dolmetscher	an interpreter is übersetzen, which is drawn
x24046	Fahrgast	a passenger is Passagier, drawn in this release
x24066	Arrangement	an arrangement is arrangieren, drawn in this release
x24208	Bewertung	a review with stars is Kritiker, drawn in this release
x24275	Pubertät	puberty is a stage of the body
x24317	Mädchenname	a maiden name is a word
x24476	Krankenversicherung	insurance is a contract
x24506	Protestant	a denomination; the app does not draw faiths
x24618	Verwandtschaft	kin as a whole would read as Gruppe
x24620	Abteilungsleiter	a department manager would look like Chef
x24630	Zeitbombe	a bomb; the app does not illustrate weapons
x24736	Chirurgin	surgery, as recorded for Operation
x24749	Verpflegung	catering is food in general
x24770	Junggeselle	a bachelor is defined by status
x24819	Damentoilette	the pictogram is Toilette, which is drawn
x24920	Familienangelegenheit	a family matter is a situation
x25012	Petition	a petition is text
x25090	Quartal	a quarter year is a span of time
x25233	Draufgänger	a daredevil is defined by behaviour
x25296	Doktortitel	the degree is Abschluss, drawn in this release
x25378	Delikatesse	a delicacy on a covered plate is servieren, which is drawn
x25552	Belegschaft	staff, as recorded for Personal
x25639	Medizinstudent	a student is defined by study
x25641	Fairness	fairness is a judgement
x25668	Doktorarbeit	a thesis is Abschluss and Buch, which are drawn
x25797	Montage	working away from home has no single scene
x26036	Bestattung	a funeral, as recorded for Beerdigung
x26082	Rehabilitation	rehabilitation is a process
x26099	Bedenkzeit	time to think is a span of time
x26121	Bürgerwehr	a militia; the app does not illustrate arms
x26205	Zeitgefühl	a sense of time happens inside someone
x26453	Zeitdruck	time pressure is beeilen, which is drawn
x26460	Stundenkilometer	a unit of speed, which is a number; the dial is Geschwindigkeit
x26483	Gesprächspartner	a partner in conversation is unterhalten, which is drawn
x26510	Hammel	the meat is Hammelfleisch, which is drawn
x26601	Schreiner	the same as Tischler, drawn in this release
x26759	Veganer	a diet is a choice
x26866	Kindheitserinnerung	a childhood memory is Kindheit and Erinnerung, drawn in this release
x26878	Helfer	a helper is hilfsbereit, drawn in this release
x27060	Tierart	a species is a category of animal
x27063	Freundeskreis	friends as a group would read as Gruppe
x27072	Möbelstück	a piece of furniture is Sofa and Tisch, which are drawn
x27073	Waldbrand	a forest fire; the app does not illustrate disasters
x27085	Wahltag	election day is wählen, which is drawn
x27099	Spinner	an insult; no picture would be kind
x27160	Hanf	a drug; the app does not illustrate drugs
x27206	Kommunistin	a political allegiance, with no neutral picture
x27310	Standbild	a statue is Figur, drawn in this release
x27345	Hochwasser	a flood; the app does not illustrate disasters
x27378	Gesundheitswesen	a health service is an institution
x27465	Arbeitstier	a workaholic is defined by behaviour
x27477	Betrüger	a fraud; the app does not illustrate crime
x27511	Tierquälerei	animal cruelty; no picture would be kind
x27635	Gastronomie	an industry is an institution
x27701	Kinderbetreuung	childcare is aufpassen, drawn in this release
x27709	Analphabet	not being able to read; no picture would be kind
x27747	Trimester	a trimester is a span of time
x27836	Dienstreise	the same as Geschäftsreise, drawn in this release
x27861	Schuldner	owing is schulden, drawn in this release
x28491	Gläubiger	being owed is schulden, drawn in this release
x27931	Unterhaus	a chamber of parliament is an institution
x28051	Zugunglück	a train crash; the app does not illustrate accidents, as recorded for Unfall
x28091	Kinderarbeit	child labour; no picture would be kind
x28174	Elternschaft	parenthood is a state
x28200	Nationalfeiertag	national of which nation; flags are an open decision
x28207	Gärtnerin	a gardener is gärtnern, which is drawn
x28245	Verwirklichung	realisation is a process
x28258	Doktorand	a doctoral student is defined by study
x28448	Kurort	a spa town has no picture distinct from Hotel
x28462	Pkw	a car is Auto, which is drawn
x28552	Heimatdorf	a home village would look like Dorf
x28644	Wetterlage	the weather is Wetter, which is drawn
x28706	Sauwetter	bad weather is heftig, which is drawn
x28720	Katzenminze	a garden plant too close to any other at icon size
x28729	Traumfrau	the woman of your dreams is a judgement
x28746	Sternstunde	a finest hour is a moment
x28764	Regenwetter	rainy weather is Regen, which is drawn
x28839	Geburtshaus	a birthplace looks like any house
x28874	Drittklässler	a third-year pupil looks like Schüler
